NO2_NO,,H2,,O2,,N2,,CH4,,CO,,CO2,,N2O,
X,Y,X,Y,X,Y,X,Y,X,Y,X,Y,X,Y,X,Y
0.427522881,11.76336438,0.427522881,4.092813166,,,0.427522881,30.64907439,,,0.427522881,3.828248815,0.427522881,15.75291807,0.427522881,16.21154724
0.867712735,14.86002906,0.867712735,5.421840078,,,0.869209741,33.78020089,,,0.867712735,4.375503611,0.867712735,21.32040979,0.867712735,9.322129077
1.29846995,10.48959387,1.29846995,4.380398642,,,1.29846995,39.87551643,,,1.29846995,3.213701033,1.29846995,24.44577994,1.29846995,7.895963644
1.727655058,7.64869418,1.727655058,2.927133981,,,1.727655058,28.48741457,,,,,1.727655058,19.32104309,1.727655058,6.507859007
