L/D,NO2_NO,H2,O2,N2,CH4,CO,CO2,N2O
0.427522881,11.76336438,4.092813166,,30.64907439,,3.828248815,15.75291807,16.21154724
0.867712735,14.86002906,5.421840078,,33.78020089,,4.375503611,21.32040979,9.322129077
1.29846995,10.48959387,4.380398642,,39.87551643,,3.213701033,24.44577994,7.895963644
1.727655058,7.64869418,2.927133981,,28.48741457,,,19.32104309,6.507859007
