NO2_NO,,H2,,O2,,N2,,CH4,,CO,,CO2,,N2O,
X,Y,X,Y,X,Y,X,Y,X,Y,X,Y,X,Y,X,Y
0.428339765,12.96731808,0.428339765,5.683750048,,,0.428339765,33.80663351,,,0.428339765,3.986196411,0.428339765,21.66562635,0.428339765,9.498540776
0.868386412,9.733311425,0.868386412,4.83776185,,,0.868386412,35.93551609,,,0.868386412,3.423391505,0.868386412,23.50185239,0.868386412,10.01714662
1.297431893,8.602806025,1.297431893,3.204644886,,,1.298960945,41.51899828,,,1.299003489,2.260132287,1.299003489,26.93509932,1.297431893,7.550384251
1.72804897,4.681523031,1.72804897,1.332663802,,,1.726477375,46.50248453,,,,,1.726477375,32.31093343,1.72804897,5.989494
