L/D,NO2_NO,H2,O2,N2,CH4,CO,CO2,N2O
0.429328269,9.470307008,0.637631933,,27.63817956,,,13.7918537,33.46018223
0.870321871,12.44886643,3.251727437,,29.88626879,,1.427963087,16.12676175,23.02842049
1.297191124,1.560653629,,,32.5992454,,,18.85696079,22.24179386
1.72719912,7.912122814,1.28261678,,39.81071706,,,28.36809605,11.09897872
