NO2_NO,,H2,,O2,,N2,,CH4,,CO,,CO2,,N2O,
X,Y,X,Y,X,Y,X,Y,X,Y,X,Y,X,Y,X,Y
0.429328269,9.470307008,0.429328269,0.637631933,,,0.429878049,27.63817956,,,0.868902439,1.427963087,0.429878049,13.7918537,0.429878049,33.46018223
0.870321871,12.44886643,0.868752499,3.251727437,,,0.868902439,29.88626879,,,,,0.868902439,16.12676175,0.870426829,23.02842049
1.297191124,1.560653629,1.72719912,1.28261678,,,1.298780488,32.5992454,,,,,1.297256098,18.85696079,1.298780488,22.24179386
1.72719912,7.912122814,,,,,1.727134146,39.81071706,,,,,1.727134146,28.36809605,1.727134146,11.09897872
