NO2_NO,,H2,,O2,,N2,,CH4,,CO,,CO2,,N2O,
X,Y,X,Y,X,Y,X,Y,X,Y,X,Y,X,Y,X,Y
0.428353659,14.26875119,0.428353659,1.746245352,0.428353659,0.123375257,0.428353659,24.51735888,0.868902439,0.20359726,0.429878049,1,0.428353659,10.66768481,0.428353659,29.28644565
0.868902439,12.3375257,0.868902439,2.679601273,,,0.868902439,34.42247596,1.298780488,0.148569556,0.868902439,1.337567752,0.868902439,19.08542144,0.868902439,23.73769779
1.298780488,11.56532642,1.728658537,0.442195211,,,1.298780488,36.13222757,,,,,1.298780488,20.69138081,1.298780488,23.54668774
1.728658537,2.335721469,,,,,1.728658537,43.16062443,,,,,1.728658537,30.74109254,1.728658537,14.61881872
