NO2_NO,,H2,,O2,,N2,,CH4,,CO,,CO2,,N2O,
X,Y,X,Y,X,Y,X,Y,X,Y,X,Y,X,Y,X,Y
0.429813273,14.3634697,0.429813273,1.771188565,,,0.430091185,24.10407417,,,0.869300912,1.508283507,0.428571429,10.69408354,0.430091185,29.91973821
0.87006705,14.37861719,0.87006705,2.409871861,,,1.299392097,32.86765209,,,,,0.869300912,14.27917965,0.869300912,25.9284825
1.300886817,10.40061547,1.728561914,2.607918846,,,1.729483283,39.21727459,,,,,1.299392097,19.22992952,1.299392097,22.08273121
1.728561914,5.488986208,,,,,,,,,,,1.727963526,27.04082192,1.727963526,11.19543995
