L/D,NO2_NO,H2,O2,N2,CH4,CO,CO2,N2O
0.430448223,9.489848571,,0.579972659,15.57134443,,,2.540755101,48.35352911
0.870942813,10.44629242,0.207323207,,24.798067,,,12.67073448,37.7292223
1.300618238,9.479512993,,,24.88733811,,,13.04078229,41.52802829
1.728748068,2.817037153,0.108506258,,24.56146686,,,17.70481859,33.50631894
