L/D,NO2_NO,H2,O2,N2,CH4,CO,CO2,N2O
0.42834891,9.402733368,,0.57005589,15.82649607,,,2.514141978,48.06144618
0.869158879,12.47281946,,,20.99400467,,,6.677407066,40.24932543
1.299065421,9.013576506,,,27.13565852,,,8.19294167,35.51195128
1.728971963,8.091904858,0.258122274,,25.44157981,,,16.485713,27.98990097
