NO2_NO,,H2,,O2,,N2,,CH4,,CO,,CO2,,N2O,
X,Y,X,Y,X,Y,X,Y,X,Y,X,Y,X,Y,X,Y
0.42834891,9.402733368,1.72741433,0.258122274,0.42834891,0.57005589,0.42834891,15.82649607,,,,,0.42834891,2.514141978,0.42834891,48.06144618
0.869158879,12.47281946,,,,,0.869158879,20.99400467,,,,,0.869158879,6.677407066,0.869158879,40.24932543
1.299065421,9.013576506,,,,,1.299065421,27.13565852,,,,,1.299065421,8.19294167,1.299065421,35.51195128
1.728971963,8.091904858,,,,,1.72741433,25.44157981,,,,,1.725856698,16.485713,1.72741433,27.98990097
