L/D,NO2_NO,H2,O2,N2,CH4,CO,CO2,N2O
0.429813273,14.3634697,1.771188565,,24.10407417,,,10.69408354,29.91973821
0.87006705,14.37861719,2.409871861,,,,1.508283507,14.27917965,25.9284825
1.300886817,10.40061547,,,32.86765209,,,19.22992952,22.08273121
1.728561914,5.488986208,2.607918846,,39.21727459,,,27.04082192,11.19543995
