NO2_NO,,H2,,O2,,N2,,CH4,,CO,,CO2,,N2O,
X,Y,X,Y,X,Y,X,Y,X,Y,X,Y,X,Y,X,Y
0.427819549,7.24995883,1.730075188,0.213479892,0.427819549,0.291617211,0.427819549,17.41536397,,,,,0.427819549,4.29263142,0.427819549,49.25213856
0.868421053,10.63168138,,,,,0.868421053,23.23561605,,,,,0.868421053,8.006959361,0.868421053,38.90763101
1.3,10.59233197,,,,,1.3,18.19978302,,,,,1.3,9.554664986,1.298496241,38.10371707
1.728571429,24.91877936,,,,,1.728571429,21.71827221,,,,,1.728571429,15.00989005,1.728571429,32.24534762
