NO2_NO,,H2,,O2,,N2,,CH4,,CO,,CO2,,N2O,
X,Y,X,Y,X,Y,X,Y,X,Y,X,Y,X,Y,X,Y
0.42861896,11.59366191,0.429953906,4.02372194,,,0.429861201,30.90555603,,,0.429938275,3.753426004,0.431260953,15.64438292,0.428686132,15.63142657
0.870571834,10.9585868,0.870263814,2.783939542,,,0.870915755,40.49828247,,,0.870173046,1.859074058,0.870822439,26.73920434,0.870531544,9.160415102
1.299822719,6.091472132,1.299435628,1.088584898,,,1.301065305,45.32797884,,,1.299416939,1.001739874,1.29941733,29.68096835,1.299880062,7.861552975
1.730627158,3.107750719,,,,,1.731183127,44.05529778,,,,,1.729548216,30.57385419,1.729286032,8.711655042
