Time (s),Volume (m^3),Ne,X(1),NH3(2),NH2OH(3),HNO3(4),CH3OH(5),H2O(6),N2(7),O2(8),NO2(9),NO(10),N2O(11),CO2(12),H2(13),CO(14),CH4(15),C2H6(16),CH2O(17),CH3(18),C3H8(19),H(20),C2H5(21),HCO(22),CH3CHO(23),OH(24),C2H4(25)
0.0,0.033257888,0.0,0.08257933590399999,0.031075110263184432,0.31940968187635516,0.35048479213953954,0.20701222018021495,0.09201819554070598,0.0,0.0,0.0,0.0,0.0,0.0,0.0,0.0,0.0,0.0,0.0,0.0,0.0,0.0,0.0,0.0,0.0,0.0,0.0
