Time (s),Volume (m^3),Ne,X(1),NH3(2),NH2OH(3),HNO3(4),CH3OH(5),H2O(6),N2(7),O2(8),NO2(9),NO(10),N2O(11),CO2(12),H2(13),CO(14),CH4(15),C2H6(16),CH2O(17),CH3(18),C3H8(19),H(20),C2H5(21),HCO(22),CH3CHO(23),OH(24),C2H4(25),H2OX(30),H3NOX(205),HX(26),HNO3X(208),CH4OX(211),CH3OX(210),H2NOX(204),HOX(29)
0.0,0.1584499619092361,0.0,39.34312554206332,0.031075110263184432,0.31940968187635516,0.35048479213953954,0.20701222018021495,0.09201819554070598,0.0,0.0,0.0,0.0,0.0,0.0,0.0,0.0,0.0,0.0,0.0,0.0,0.0,0.0,0.0,0.0,0.0,0.0,0.0,0.0,0.0,0.0,0.0,0.0,0.0,0.0,0.0
